id,url,created_date,critic_score,audience_score,runtime,MPAA_rating,studio,theater_release_date,DVD_release_date,list_of_genres,abridged_list_of_cast,abridged_list_of_directors
3ec72878-9b5d-4b48-8498-d07dba79c215,https://www.rottentomatoes.com/m/doom_of_love,2022-06-21 17:21:05.907506,,,1h 20m,,,,"Jun 20, 2022",Drama,"Pinar Deniz, Yigit Kirazci, Musa Uzunlar, Seda Türkmen",Hilal Saral
57c09a96-864a-4a7d-8ff7-3f5895bf7fd2,https://www.rottentomatoes.com/m/harmony_2022,2022-06-21 17:21:06.147464,,,1h 11m,,Gravitas Ventures,"Jun 24, 2022 limited","Jun 24, 2022","Horror, Action","Marili Kateri, Jessica Inzeo, Mark Frazier, Pry'ce Jaymes, Jessica Gondwe, Elliott Bales",Zachary Gross
88d062af-632b-4f2d-9c60-eda3db762507,https://www.rottentomatoes.com/m/elvis,2022-06-21 17:21:06.216360,79%,,2h 39m,PG-13 (Substance Abuse|Strong Language|Smoking|Suggestive Material),Warner Bros. Pictures,"Jun 24, 2022 wide",,"Biography, Drama, Music","Austin Butler, Tom Hanks, Helen Thomson, Richard Roxburgh, Olivia DeJonge, Luke Bracey",Baz Luhrmann
942130ba-4642-47d2-84cd-39a5206f892a,https://www.rottentomatoes.com/m/apples,2022-06-21 17:21:06.254869,96%,,1h 31m,,Cohen Media Group,"Jun 24, 2022 limited",,"Comedy, Drama","Aris Servetalis, Sofia Georgovassili, Anna Kalaitzidou, Argyris Bakirtzis, Kostas Laskos, Babis Makridis",Christos Nikou
8090fabb-5819-47fb-aa23-aae0a2935fcc,https://www.rottentomatoes.com/m/olga_2021,2022-06-21 17:21:06.292697,100%,,1h 27m,,Kino Lorber,"Jun 24, 2022 limited","Aug 23, 2022",Drama,"Anastasia Budiashkina, Sabrina Rubtsova, Caterina Barloggio, Thea Brogli, Tanya Mikhina, Jérôme Martin",Elie Grappe
2edd7aa6-57c7-4d45-8a63-6c76e0b831ce,https://www.rottentomatoes.com/m/the_black_phone,2022-06-21 17:21:06.340298,100%,,1h 42m,R (Some Drug Use|Language|Bloody Images|Violence),Paramount Pictures,"Jun 24, 2022 wide",,Horror,"Ethan Hawke, Mason Thames, Madeleine McGraw, Jeremy Davies, James Ransone, E. Roger Mitchell",Scott Derrickson
68457b6a-6120-4774-8cc2-3d1b972d2db0,https://www.rottentomatoes.com/m/marcel_the_shell_with_shoes_on,2022-06-21 17:21:06.367994,100%,,1h 29m,PG (Some Suggestive Material|Thematic Elements),A24,"Jun 24, 2022 limited",,"Comedy, Animation","Jenny Slate, Rosa Salazar, Thomas Mann, Isabella Rossellini, Dean Fleischer-Camp, Lesley Stahl",Dean Fleischer-Camp
4463cc2e-aaf6-488a-b6ee-db562ce17764,https://www.rottentomatoes.com/m/cryo,2022-06-21 17:21:06.531498,,,1h 58m,PG-13 (Bloody Images|Violence|Brief Strong Language),Saban Films,"Jun 24, 2022 limited","Jun 28, 2022","Mystery & thriller, Sci-fi, Drama","Jyllian Petrie, Emily Marie Palmer, Mason D. Davis, Curt Doussett, Morgan Gunter, Michael Flynn",Barrett Burgin
d8078312-657f-4498-8329-0e4d262e14a1,https://www.rottentomatoes.com/m/the_human_trial,2022-06-21 17:21:06.565795,,,1h 31m,,Abramorama,"Jun 24, 2022 limited","Jun 24, 2022",Documentary,"Lisa Hepner, Guy Mossman, Lisa Hepner, Lisa Hepner, Jonathan Formica, Kristin Lesko","Lisa Hepner , Guy Mossman"
7888de84-5168-44e2-a081-87af90608413,https://www.rottentomatoes.com/m/the_man_from_toronto_2022,2022-06-21 17:21:06.586954,,,1h 50m,PG-13 (Some Strong Language|Violence Throughout|Suggestive Material),,,"Jun 24, 2022","Action, Comedy","Kevin Hart, Woody Harrelson, Kaley Cuoco, Jasmine Mathews, Lela Loren, Pierson Fode",Patrick Hughes
7d65a666-7ac6-4c5d-a733-d9fda6c798a9,https://www.rottentomatoes.com/m/wildhood,2022-06-21 17:21:06.625513,100%,,1h 39m,,Wolfe Releasing,"Jun 17, 2022 limited","Jun 24, 2022","Drama, Lgbtq+","Phillip Lewitski, Joshua Odjick, Avery Winters-Anthony, Michael Greyeyes, Steve Lund, Savonna Spracklin",Bretten Hannam
c678768e-8894-44a4-9f18-40e306f8f9fc,https://www.rottentomatoes.com/m/murder_at_yellowstone_city,2022-06-21 17:21:06.672514,,,2h 6m,,RLJE Films,"Jun 24, 2022 limited","Jun 24, 2022",Western,"Gabriel Byrne, Thomas Jane, Isaiah Mustafa, Anna Camp, Aimee Garcia, Emma Kenney",Richard Gray
6164ee6a-0d91-4a7d-bdaa-11d4f8b725d9,https://www.rottentomatoes.com/m/press_play_2022,2022-06-21 17:21:06.721457,,,1h 25m,PG-13 (Brief Suggestive Material|Some Drug Use),The Avenue,"Jun 24, 2022 limited","Jun 24, 2022","Romance, Fantasy","Clara Rugaard, Lewis Pullman, Danny Glover, Matt Walsh, Lyrica Okano, Christina Chang",Greg Björkman
e04b86c0-71e2-4b73-915a-ee3109aafb55,https://www.rottentomatoes.com/m/fantastic_beasts_the_secrets_of_dumbledore,2022-06-21 17:21:06.818344,46%,83%,2h 22m,PG-13 (Some Fantasy Action/Violence),Warner Bros. Pictures,"Apr 15, 2022 wide","May 30, 2022","Fantasy, Adventure","Eddie Redmayne, Jude Law, Mads Mikkelsen, Ezra Miller, Dan Fogler, Alison Sudol",David Yates
aaa18f0b-02cd-4102-801f-927b4fae8f62,https://www.rottentomatoes.com/m/bitterbrush,2022-06-21 17:21:06.892081,87%,,1h 38m,,Magnolia Pictures,"Jun 17, 2022 limited","Jun 24, 2022",Documentary,"Hollyn Patterson, Colie Moline, Emelie Mahdavian, Su Kim, Emelie Mahdavian, Laurene Powell-Jobs",Emelie Mahdavian
4b91a185-6235-4d82-830f-331fef910805,https://www.rottentomatoes.com/m/flux_gourmet,2022-06-21 17:21:06.932155,89%,,1h 51m,,IFC Midnight,"Jun 24, 2022 limited","Jun 24, 2022",Horror,"Asa Butterfield, Gwendoline Christie, Ariane Labed, Richard Bremmer, Fatma Mohamed, Makis Papadimitriou",Peter Strickland
f501216d-e3ae-459b-9816-c917fc8018e0,https://www.rottentomatoes.com/m/men_2022,2022-06-21 17:21:06.987706,69%,40%,1h 40m,R (Grisly Images|Graphic Nudity|Disturbing and Violent Content|Language),A24,"May 20, 2022 wide",,"Horror, Drama, Sci-fi","Jessie Buckley, Rory Kinnear, Paapa Essiedu, Gayle Rankin, Alex Garland, Alex Garland",Alex Garland
e63df618-5e28-4127-aef7-47579d46fd95,https://www.rottentomatoes.com/m/watcher_2022,2022-06-21 17:21:07.104272,87%,67%,1h 36m,R (Language|Some Sexual Material/Nudity|Some Bloody Violence),IFC Films,"Jun 3, 2022 wide",,Mystery & thriller,"Maika Monroe, Karl Glusman, Burn Gorman, Tudor Petrut, Gabriela Butuc, Madalina Anea",Chloe Okuno
18ea6caa-ff65-4b54-9059-5b971e42ad4d,https://www.rottentomatoes.com/m/the_northman,2022-06-21 17:21:07.138278,89%,64%,2h 17m,R (Strong Bloody Violence|Some Sexual Content|Nudity),Focus Features,"Apr 22, 2022 wide","May 13, 2022","Adventure, Action, Mystery & thriller","Alexander Skarsgård, Nicole Kidman, Claes Bang, Ethan Hawke, Anya Taylor-Joy, Gustav Lindh",Robert Eggers
b46fe55d-0bcd-44ab-80c0-420544cdf9e0,https://www.rottentomatoes.com/m/crimes_of_the_future_2022,2022-06-21 17:21:07.175388,79%,49%,1h 47m,R (Some Language|Grisly Images|Graphic Nudity|Strong Violent Content),Neon,"Jun 3, 2022 wide",,"Horror, Drama, Sci-fi","Viggo Mortensen, Léa Seydoux, Kristen Stewart, Scott Speedman, Don McKellar",David Cronenberg
29a88716-3589-460f-8c29-3de12c70fd28,https://www.rottentomatoes.com/m/firestarter_2022,2022-06-21 17:21:07.218559,11%,47%,1h 34m,R (Violent Content),Universal Pictures,"May 13, 2022 wide","May 13, 2022","Horror, Drama, Sci-fi","Zac Efron, Ryan Kiera Armstrong, Sydney Lemmon, Kurtwood Smith, John Beasley, Michael Greyeyes",Keith Thomas
a0cf6403-94e9-4859-ab87-133ccbd34dfe,https://www.rottentomatoes.com/m/the_lost_city,2022-06-21 17:21:07.383192,79%,83%,1h 52m,PG-13 (Partial Nudity|Language|Some Bloody Images|Suggestive Material|Violence),Paramount Pictures,"Mar 25, 2022 wide","May 10, 2022","Adventure, Action","Sandra Bullock, Channing Tatum, Daniel Radcliffe, Da'Vine Joy Randolph, Oscar Nunez, Patti Harrison","Adam Nee , Aaron Nee"
0ed66781-8cf4-4e66-972e-750b31aad69a,https://www.rottentomatoes.com/m/top_gun_maverick,2022-06-21 17:21:07.414526,97%,99%,2h 11m,PG-13 (Some Strong Language|Sequences of Intense Action),Paramount Pictures,"May 27, 2022 wide",,"Action, Adventure","Tom Cruise, Miles Teller, Jennifer Connelly, Jon Hamm, Glen Powell, Lewis Pullman",Joseph Kosinski
e83172f7-24f8-4bce-ba42-ff806450df0c,https://www.rottentomatoes.com/m/sonic_the_hedgehog_2,2022-06-21 17:21:07.458465,70%,96%,2h 2m,PG (Rude Humor|Mild Language|Action|Some Violence),Paramount Pictures,"Apr 8, 2022 wide","May 24, 2022","Comedy, Adventure, Fantasy","James Marsden, Ben Schwartz, Tika Sumpter, Natasha Rothwell, Adam Pally, Shemar Moore",Jeff Fowler
4447c5ef-34da-4be8-b48d-6574961cdca7,https://www.rottentomatoes.com/m/jurassic_world_dominion,2022-06-21 17:21:07.518857,30%,78%,2h 27m,PG-13 (Language|Intense Sequences of Action|Some Violence),Universal Pictures,"Jun 10, 2022 wide",,"Action, Adventure","Chris Pratt, Bryce Dallas Howard, Laura Dern, Jeff Goldblum, Sam Neill, DeWanda Wise",Colin Trevorrow
5b75e84a-e5c0-43b6-a07d-7541cffd6de4,https://www.rottentomatoes.com/m/the_bobs_burgers_movie,2022-06-21 17:21:07.577022,87%,89%,1h 42m,PG-13 (Language|Rude/Suggestive Material),20th Century Studios,"May 27, 2022 wide",,Comedy,"H. Jon Benjamin, John Roberts, Dan Mintz, Eugene Mirman, Kristen Schaal, Kevin Kline","Loren Bouchard , Bernard Derriman"
792e20df-cacf-4e8c-86a9-f13cb6062947,https://www.rottentomatoes.com/m/beba,2022-06-21 17:21:07.625761,86%,,1h 19m,R (Language),NEON,"Jun 24, 2022 limited",,Documentary,"Rebeca Huntt, Rebeca Huntt, Rebeca Huntt, Sofia Geld, Rebeca Huntt, Inuka Bacote-Capiga",Rebeca Huntt
91f0fe3b-16a6-403f-b4ac-57a30af66eff,https://www.rottentomatoes.com/m/the_bad_guys_2022,2022-06-21 17:21:07.654510,88%,93%,1h 40m,PG (Action and Rude Humor),Universal Pictures,"Apr 22, 2022 wide",,"Comedy, Adventure, Animation, Kids & family","Sam Rockwell, Zazie Beetz, Marc Maron, Awkwafina, Craig Robinson, Anthony Ramos",Pierre Perifel
afb161bc-8383-48f5-8fa6-66d64969db75,https://www.rottentomatoes.com/m/spiderhead,2022-06-21 17:21:07.735013,44%,32%,1h 47m,R (Language|Violent Content|Sexual Content),,,"Jun 17, 2022","Crime, Drama, Action","Chris Hemsworth, Miles Teller, Jurnee Smollett-Bell, Mark Paguio, Tess Haubrich, Joseph Kosinski",Joseph Kosinski
7c1d081e-5eee-47a9-9c3a-d6a21f56485b,https://www.rottentomatoes.com/m/hustle_2022,2022-06-21 17:21:07.816597,92%,92%,1h 58m,R (Language),Netflix,"Jun 3, 2022 limited","Jun 8, 2022",Drama,"Adam Sandler, Juancho Hernangomez, Queen Latifah, Ben Foster, Robert Duvall, Jaleel White",Jeremiah Zagar
0711adc9-d99d-4635-af87-055030311b79,https://www.rottentomatoes.com/m/everything_everywhere_all_at_once,2022-06-21 17:21:07.846916,95%,89%,2h 12m,R (Sexual Material|Language|Some Violence),A24,"Apr 8, 2022 wide","Jun 7, 2022","Comedy, Adventure, Fantasy","Michelle Yeoh, Stephanie Hsu, Ke Huy Quan, James Hong, Jamie Lee Curtis, Jenny Slate","Dan Kwan , Daniel Scheinert"
de9b481b-a846-4fde-96a0-b4f3ad2267b9,https://www.rottentomatoes.com/m/terror_on_the_prairie,2022-06-21 17:21:07.922046,,88%,1h 47m,,,,"Jun 14, 2022","Western, Action","Gina Carano, Donald Cerrone, Nick Searcy, Tyler Fischer, Heath Freeman, Gabriel-Kane Day-Lewis",Michael Polish
6ca946c5-f76d-4a8a-a4f5-2926c764cfb7,https://www.rottentomatoes.com/m/fruits_basket_prelude,2022-06-21 17:21:08.002644,,,1h 28m,,Crunchyroll,"Jun 25, 2022 limited",,"Romance, Anime, Fantasy","Miyuki Sawashiro, Yoshimasa Hosoya, Manaka Iwami, Nobunaga Shimazaki, Yuuma Uchida, Yoshihide Ibata",Yoshihide Ibata
1cf71461-4157-4e3c-b9d7-a19edee52453,https://www.rottentomatoes.com/m/the_magical_craftsmanship_of_suzhou,2022-06-21 17:21:08.043809,,,1h 31m,,China Lion Film Distribution,"Jun 24, 2022 limited",,Documentary,"Sun Zengtian, Li Hong",Sun Zengtian
dbe35dc9-e09e-447b-a873-4792a9cb80ed,https://www.rottentomatoes.com/m/trevor_the_musical,2022-06-21 17:21:08.100125,,,,,,,"Jun 24, 2022","Musical, Drama","Holden William Hagelberger, Mark Aguirre, Aaron Alcaraz, Ava Briglia, Sammy Dell, Tyler Joseph Gay",Robin Abrams
fa9855c9-a7a6-4fa9-b722-99e657bd3aef,https://www.rottentomatoes.com/m/downton_abbey_a_new_era,2022-06-21 17:21:08.140837,86%,97%,2h 5m,PG (Thematic Elements|Some Suggestive References|Language),Focus Features,"May 20, 2022 wide","Jun 24, 2022",Drama,"Hugh Bonneville, Laura Carmichael, Jim Carter, Raquel Cassidy, Brendan Coyle, Michelle Dockery",Simon Curtis
9b8d6fc7-2920-417f-9e88-7a27a9089aaa,https://www.rottentomatoes.com/m/rise_2022,2022-06-21 17:21:08.200286,,,,PG (Brief Language|Thematic Elements),,,"Jun 24, 2022","Biography, Drama","Dayo Okeniyi, Yetide Badaki, Uche Agada, Manish Dayal, Taylor Nichols, Ral Agada",Akin Omotoso
95d87664-d31f-43ba-b706-ecdf8c58a28b,https://www.rottentomatoes.com/m/a_man_of_integrity,2022-06-21 17:21:08.348448,100%,79%,1h 57m,,Big World Pictures,"Jun 17, 2022 limited",,Drama,"Nasim Adabi, Zhila Shahi, Reza Akhlaghirad, Soudabeh Beizaee, Zeinab Shabani, Missagh Zareh",Mohammad Rasoulof
e446d404-69c2-4c52-88ce-fae2d84b284d,https://www.rottentomatoes.com/m/would_it_kill_you_to_laugh,2022-06-21 17:21:08.378804,,,1h 0m,,,,"Jun 24, 2022",Comedy,"Kate Berlant, John Early, Meredith Vieira, Andrew DeYoung, Andrew DeYoung, Kate Berlant",Andrew DeYoung
8cff4673-bd59-4a85-8769-0af6a73371e0,https://www.rottentomatoes.com/m/brian_and_charles,2022-06-21 17:21:08.434026,79%,76%,1h 19m,PG (Language|Smoking|Mild Violence),Focus Features,"Jun 17, 2022 limited",,Comedy,"David Earl, Chris Hayward, Louise Brealey, Nina Sosanya, Chris Hayward, Lynn Hunter",Jim Archer
aab67629-ed58-4d4d-9a90-388a8282938d,https://www.rottentomatoes.com/m/the_lost_girls_2022,2022-06-21 17:21:08.490171,14%,,1h 47m,,Vertical Entertainment,"Jun 17, 2022 limited","Jun 17, 2022","Fantasy, Drama","Livia De Paolis, Joely Richardson, Vanessa Redgrave, Julian Ovenden, Parker Sawyers, Emily Carey",Livia De Paolis
0e732adb-5fa8-4827-8e96-7788e375380d,https://www.rottentomatoes.com/m/benediction,2022-06-21 17:21:08.562794,94%,67%,2h 17m,PG-13 (Disturbing War Images|Thematic Elements|Some Sexual Material),Roadside Attractions,"Jun 3, 2022 limited",,"Biography, War, Lgbtq+, Drama","Jack Lowden, Peter Capaldi, Simon Russell Beale, Jeremy Irvine, Calam Lynch, Tom Blyth",Terence Davies
a31d6ac3-3141-4789-a6ff-4a68d5278b39,https://www.rottentomatoes.com/m/lightyear,2022-06-21 17:21:08.606981,76%,85%,1h 40m,PG (Action/Peril),Disney/Pixar,"Jun 17, 2022 wide",,"Comedy, Adventure, Action, Sci-fi, Animation","Chris Evans, Taika Waititi, Keke Palmer, James Brolin, Efren Ramirez, Uzo Aduba",Angus MacLane
59d9b133-cd96-4171-b31b-f510ea3759ce,https://www.rottentomatoes.com/m/dawn_breaks_behind_the_eyes,2022-06-21 17:21:08.677195,100%,,1h 16m,,,,"Jun 24, 2022","Horror, Mystery & thriller","Anna Platen, Jeff Wilbusch, Luisa Taraz, Frederik von Lüttichau, Bill Becker, Christopher Ramm",Kevin Kopacka
772209de-7a4f-4eed-8b8c-3447fbf7aa13,https://www.rottentomatoes.com/m/the_good_neighbor_2022,2022-06-21 17:21:08.723124,44%,92%,1h 46m,R (Language),Screen Media Films,"Jun 17, 2022 limited","Jun 17, 2022","Drama, Action, Mystery & thriller","Luke Kleintank, Jonathan Rhys-Meyers, Eloise Smyth, Bruce Davison, Stephan Rick, Stephan Rick",Stephan Rick
724d286d-c042-478b-9163-b4cf8480b41a,https://www.rottentomatoes.com/m/official_competition,2022-06-21 17:21:08.767392,94%,84%,1h 55m,,IFC Films,"Jun 17, 2022 limited",,"Comedy, Drama","Penélope Cruz, Antonio Banderas, Oscar Martínez, Carlos Hipólito, Irene Escolar, Nagore Aranburu","Mariano Cohn , Gastón Duprat"
00de62e7-3cae-4c82-a77e-2d4225af2bbf,https://www.rottentomatoes.com/m/cha_cha_real_smooth,2022-06-21 17:21:08.967777,87%,88%,1h 47m,R (Language|Some Sexual Content),Apple TV+,"Jun 17, 2022 limited","Jun 17, 2022","Comedy, Drama","Cooper Raiff, Dakota Johnson, Vanessa Burghardt, Evan Assante, Leslie Mann, Brad Garrett",Cooper Raiff
c8467ad2-3983-42c2-a36a-17fe6b69657d,https://www.rottentomatoes.com/m/fire_island_2022,2022-06-21 17:21:09.273149,94%,77%,1h 45m,R (Strong Sexual Content|Drug Use|Strong Nudity|Language Throughout),,,"Jun 3, 2022","Comedy, Romance","Joel Kim Booster, Bowen Yang, Margaret Cho, Conrad Ricamora, James Scully, Tomas Matos",Andrew Ahn
41418a3b-3ea6-46b3-8cd8-3545f9e94678,https://www.rottentomatoes.com/m/star_wars_the_rise_of_skywalker,2022-06-21 17:21:09.344548,52%,86%,2h 22m,PG-13 (Sci-Fi Violence and Action),Walt Disney,"Dec 20, 2019 wide","Dec 20, 2019","Adventure, Action, Fantasy","Carrie Fisher, Mark Hamill, Adam Driver, Daisy Ridley, John Boyega, Oscar Isaac",J.J. Abrams
4bef379b-4fa6-4107-bb08-9c20551e7f18,https://www.rottentomatoes.com/m/the_automat,2022-06-21 17:21:09.454133,98%,86%,1h 59m,,A Slice of Pie Productions,"Feb 18, 2022 limited",,Documentary,"Mel Brooks, Ruth Bader Ginsburg, Colin Powell, Carl Reiner, Elliott Gould, Howard Schultz",Lisa Hurwitz
2a2d3958-e4b7-4ead-af95-13ce9c92ebc2,https://www.rottentomatoes.com/m/fire_in_the_mountains,2022-06-21 17:21:09.571284,88%,,1h 24m,,Kino Lorber,"May 20, 2022 limited","Jul 19, 2022",Drama,"Vinamrata Rai, Chandan Bisht, Harshita Tiwari, Mayank Singh Jaira, Sonal Jha",Ajitpal Singh
856875e5-1804-4a0e-a871-66954f6e0230,https://www.rottentomatoes.com/m/the_wobblies,2022-06-21 17:21:09.606559,89%,69%,1h 29m,,,"Mar 18, 1981 limited","Jun 27, 2006",Documentary,"Roger Baldwin, Stewart Bird, Deborah Shaffer, Stewart Bird, Deborah Shaffer","Stewart Bird , Deborah Shaffer"
c803b1a9-bdb2-46d2-a6bb-ac6bf1de60f4,https://www.rottentomatoes.com/m/mondocane,2022-06-21 17:21:09.656324,61%,,1h 41m,,Kino Lorber,"May 20, 2022 limited","Jun 7, 2022","Action, Crime, Fantasy, Sci-fi","Alessandro Borghi, Dennis Protopapa, Giuliano Soprano, Ludovica Nasti, Adriano Novelli, Josafat Vagni",Alessandro Celli
fd05d47b-c7f9-41f4-a9a9-6de208f00ddc,https://www.rottentomatoes.com/m/emergency_2022,2022-06-21 17:21:09.731533,92%,73%,1h 45m,R (Drug Use|Some Sexual References|Pervasive Language),Amazon Studios,"May 20, 2022 limited","May 27, 2022","Comedy, Drama","RJ Cyler, Donald Elise Watkins, Sebastian Chacon, Sabrina Carpenter, Maddie Nichols, Madison Thompson",Carey Williams
0550fa9b-ea79-4107-befe-af47757d33b2,https://www.rottentomatoes.com/m/the_wrath_of_god_2022,2022-06-21 17:21:09.834873,33%,29%,1h 30m,,,,"Jun 15, 2022","Mystery & thriller, Drama","Juan Gervasio Minujín, Macarena Achaga, Diego Peretti, Sebastián Schindel, Pablo Del Teso, Sebastián Schindel",Sebastián Schindel
c790e322-1dd0-4efa-82e6-c477baac6fc1,https://www.rottentomatoes.com/m/ambulance,2022-06-21 17:21:09.912989,69%,88%,2h 16m,R (Intense Violence|Bloody Images|Language Throughout),Universal Pictures,"Apr 8, 2022 wide","May 24, 2022",Action,"Jake Gyllenhaal, Yahya Abdul-Mateen II, Eiza González, Moses Ingram, Jackson White, Cedric Sanders",Michael Bay
977c53d5-a6c0-46da-a681-32f07aba8810,https://www.rottentomatoes.com/m/jurassic_park,2022-06-21 17:21:09.965155,92%,91%,2h 6m,PG-13 (Intense Science Fiction Terror),Universal Pictures,"Jun 11, 1993 wide","Oct 28, 2003","Adventure, Action","Sam Neill, Laura Dern, Jeff Goldblum, Richard Attenborough, Bob Peck, Martin Ferrero",Steven Spielberg
483e8d59-674d-4013-9271-19519420f27e,https://www.rottentomatoes.com/m/operation_mincemeat,2022-06-21 17:21:10.121165,83%,64%,2h 8m,PG-13 (Smoking|Disturbing Images|Brief War Violence|Some Sexual Content|Strong Language),Netflix,"May 6, 2022 limited","May 11, 2022",War,"Colin Firth, Matthew Macfadyen, Kelly Macdonald, Penelope Wilton, Jason Isaacs, Johnny Flynn",John Madden
65a23456-4227-4881-877a-f44660616418,https://www.rottentomatoes.com/m/the_outfit_2022,2022-06-21 17:21:10.186775,85%,92%,1h 45m,R (Language Throughout|Some Bloody Violence),Focus Features,"Mar 18, 2022 wide","May 3, 2022","Drama, Crime, Mystery & thriller","Mark Rylance, Dylan O'Brien, Zoey Deutch, Johnny Flynn, Nikki Amuka-Bird, Simon Russell Beale",Graham Moore
e2970388-0fd0-4e93-b694-077b950902fd,https://www.rottentomatoes.com/m/jurassic_world_fallen_kingdom,2022-06-21 17:21:10.258552,47%,48%,2h 8m,PG-13 (Science-Fiction Violence|Peril),Universal Pictures,"Jun 22, 2018 wide","Sep 18, 2018","Adventure, Action","Chris Pratt, Bryce Dallas Howard, Jeff Goldblum, Ted Levine, James Cromwell, Toby Jones",Juan Antonio Bayona
26714893-df93-4ac4-a66d-9a6216115d06,https://www.rottentomatoes.com/m/uncharted_2022,2022-06-21 17:21:10.453432,40%,90%,1h 56m,PG-13 (Violence/Action and Language),Sony Pictures,"Feb 18, 2022 wide","Apr 26, 2022","Adventure, Action","Tom Holland, Mark Wahlberg, Sophia Ali, Tati Gabrielle, Antonio Banderas, Patricia Meeden",Ruben Fleischer
3ad265d1-a870-44ff-b5fa-4e48f387c2d2,https://www.rottentomatoes.com/m/halftime,2022-06-21 17:21:10.686773,82%,90%,1h 35m,,,,"Jun 14, 2022","Documentary, Music","Jennifer Lopez, Amanda Micheli, Benny Medina, Elaine Goldsmith-Thomas, David Broome, Angus Wall",Amanda Micheli
57da63d4-5011-4f03-a482-f866b8938035,https://www.rottentomatoes.com/m/no_time_to_die_2021,2022-06-21 17:21:10.724368,83%,88%,2h 43m,PG-13 (Sequences of Violence & Action|Brief Strong Language|Some Disturbing Images|Some Suggestive Material),Metro-Goldwyn-Mayer,"Oct 8, 2021 wide","Nov 9, 2021","Action, Adventure","Daniel Craig, Rami Malek, Léa Seydoux, Lashana Lynch, Ben Whishaw, Naomie Harris",Cary Joji Fukunaga
ac56e880-d7d1-4f29-8a98-9fe364a3daca,https://www.rottentomatoes.com/m/interceptor_2022,2022-06-21 17:21:10.782306,45%,19%,1h 36m,,,,"Jun 3, 2022","Action, Adventure, Drama","Elsa Pataky, Luke Bracey, Aaron Glenane, Mayen Mehta, Paul Caesar, Belinda Jombwe",Matt Reilly
f99f87b8-0a8e-47ef-a2f4-f0dd77553aea,https://www.rottentomatoes.com/m/jerry_and_marge_go_large,2022-06-21 17:21:10.808517,65%,88%,1h 30m,PG-13 (Some Language|Suggestive References),,,"Jun 17, 2022","Biography, Comedy","Bryan Cranston, Annette Bening, Rainn Wilson, Uly Schlesinger, Larry Wilmore, Jake McDorman",David Frankel
27070b20-ce89-4775-ae2f-c1525984fe71,https://www.rottentomatoes.com/m/the_batman,2022-06-21 17:21:10.833141,85%,87%,2h 56m,PG-13 (Some Suggestive Material|Drug Content|Strong Disturbing Content|Strong Language|Strong Violent Content),Warner Bros. Pictures,"Mar 4, 2022 wide","Apr 19, 2022","Action, Adventure","Robert Pattinson, Zoë Kravitz, Jeffrey Wright, Colin Farrell, Paul Dano, John Turturro",Matt Reeves
61e3e5b0-c061-4f20-b7fa-640889b227ee,https://www.rottentomatoes.com/m/the_card_counter,2022-06-21 17:21:10.988222,86%,42%,1h 49m,R (Graphic Nudity|Brief Sexuality|Language|Some Disturbing Violence),Focus Features,"Sep 10, 2021 wide","Sep 30, 2021","Drama, Mystery & thriller","Oscar Isaac, Tiffany Haddish, Tye Sheridan, Willem Dafoe, Alexander Babara, Bobby C. King",Paul Schrader
3211f7e2-d2b2-4ad6-8c52-8333913ece44,https://www.rottentomatoes.com/m/mad_god,2022-06-21 17:21:11.027778,90%,65%,1h 23m,,,,"Jun 16, 2022","Horror, Fantasy, Adventure, Animation","Alex Cox, Niketa Roman, Satish Ratakonda, Harper Taylor, Brynn Taylor, Phil Tippett",Phil Tippett
67e4179a-07a2-45b5-8e9c-fb5f139e11b7,https://www.rottentomatoes.com/m/civil_ben_crump,2022-06-21 17:21:11.480680,78%,,1h 41m,PG-13 (Strong Language|Thematic Material),Netflix,"Jun 17, 2022 limited","Jun 19, 2022",Documentary,"Benjamin Crump, Nadia Hallgren, Nadia Hallgren, Kenya Barris, Roger Ross Williams, Lauren Cioffi",Nadia Hallgren
7dcd26af-ef8e-441a-9ad3-7985cc4de6bf,https://www.rottentomatoes.com/m/cocoon_2020,2022-06-21 17:21:11.515700,100%,,1h 35m,,Film Movement,"Jun 17, 2022 limited",,"Drama, Romance, Lgbtq+","Jella Haase, Anna Lena Klenke, Lena Urzendowsky, Elina Vildanova, Franz Hagn, Anja Schneider",Leonie Krippendorff
9edccf81-6099-468e-9f9a-51a54e31b28e,https://www.rottentomatoes.com/m/blowback_2022,2022-06-21 17:21:11.547146,20%,60%,1h 33m,R (Drug Use|Violence|Language),Saban Films,"Jun 17, 2022 limited","Jun 17, 2022",Action,"Randy Couture, Cam Gigandet, Louis Mandylor, Michele Plaia, Rafael Cabrera, William McNamara",Tibor Takacs
c372e617-86d7-4676-a47b-40123a48254f,https://www.rottentomatoes.com/m/posti,2022-06-21 17:21:11.608090,,,2h 6m,,Rising Star Entertainment,"Jun 17, 2022 limited",,Drama,"Surilie Gautam, Babbal Rai, Prince K.J. Singh, Rana Ranbir, Raghveer Boli, Vadda Grewal",Rana Ranbir
f8fe733f-cad0-45b6-9814-39424d810622,https://www.rottentomatoes.com/m/veetla_vishesham,2022-06-21 17:21:11.712058,,100%,2h 10m,,ZEE Studios International,"Jun 16, 2022 limited",,"Drama, Comedy","Sathyaraj, RJ Balaji, Urvashi, Aparna Balamurali, N.J. Saravanan, Boney Kapoor","N.J. Saravanan , RJ Balaji"
b9e63ce9-48bc-47a2-a13c-cf47af429a95,https://www.rottentomatoes.com/m/mid_century,2022-06-21 17:21:11.855947,17%,62%,1h 45m,R (Violent Content|Brief Nudity|Some Language|Drug Use),Lionsgate,"Jun 17, 2022 limited","Jul 26, 2022",Horror,"Shane West, Sarah Hay, Stephen Lang, Bruce Dern, Chelsea Gilligan, Annapurna Sriram",Sonja O'Hara
d02c6b44-0656-4da5-9508-eccb853fa09d,https://www.rottentomatoes.com/m/nikamma,2022-06-21 17:21:11.950857,0%,,2h 32m,PG-13 (Bloody Images|Some Strong Violent Content),Sony Pictures International Productions,"Jun 17, 2022 limited",,"Action, Comedy, Romance","Shilpa Shetty Kundra, Abhimanyu Dasani, Samir Soni, Sabbir Khan, Venu Sriram",Sabbir Khan
3299eb3e-97f9-44c9-9634-685b7aadf912,https://www.rottentomatoes.com/m/kirk_cameron_presents_the_homeschool_awakening,2022-06-21 17:21:12.127049,,100%,1h 40m,,Fathom Events,"Jun 13, 2022 limited",,,"Kirk Cameron, Caleb Price",Caleb Price
40a07a08-31c1-458b-8959-31de5c15dacf,https://www.rottentomatoes.com/m/stay_prayed_up,2022-06-21 17:21:12.220027,,,1h 12m,,Greenwich Entertainment,"Jun 17, 2022 limited","Jul 5, 2022",Documentary,"Lena Mae Perry, Wilbur Tharpe, Phil Cook, Angela Kent, D.L. Anderson, Matt Durning","D.L. Anderson , Matt Durning"
afac8507-98e0-46f2-a515-dac029a543ae,https://www.rottentomatoes.com/m/first_love_2022,2022-06-21 17:21:12.298575,,56%,1h 35m,,Vertical Entertainment,"Jun 17, 2022 limited","Jun 17, 2022","Romance, Drama","Diane Kruger, Hero Fiennes Tiffin, Sydney Park, Jeffrey Donovan, Diane Venora, Nanrisa Lee",A.J. Edwards
f2269f28-1167-45c1-82ec-17bdec8667e2,https://www.rottentomatoes.com/m/wild_men_2021,2022-06-21 17:21:12.413080,86%,,1h 44m,,Samuel Goldwyn Films,"Jun 17, 2022 limited","Aug 5, 2022","Comedy, Mystery & thriller","Rasmus Bjerg, Zaki Youssef, Sofie Gråbøl, Bjørn Sundquist, Thomas Daneskov, Thomas Daneskov",Thomas Daneskov
77ef746b-2da3-4236-a916-dcd1e082e0b4,https://www.rottentomatoes.com/m/jurassic_world,2022-06-21 17:21:12.513740,71%,78%,2h 4m,PG-13 (Peril|Intense Sci-Fi Violence),Universal Pictures,"Jun 12, 2015 wide","Oct 20, 2015","Adventure, Action","Chris Pratt, Bryce Dallas Howard, Irrfan Khan, Vincent D'Onofrio, Ty Simpkins, Nick Robinson",Colin Trevorrow
dbe7a178-acb3-4185-9fb5-e040b838c324,https://www.rottentomatoes.com/m/the_innocents_2022,2022-06-21 17:21:12.559329,97%,71%,1h 58m,,IFC Midnight,"May 13, 2022 limited","May 13, 2022",Horror,"Rakel Lenora Fløttum, Alva Brynsmo Ramstad, Sam Ashraf, Mina Yasmin Bremseth Asheim, Ellen Dorrit Petersen, Morten Svartveit",Eskil Vogt
3feb587b-2a9c-477d-b8df-9e7ae6ce852f,https://www.rottentomatoes.com/m/the_witch_2_the_other_one,2022-06-21 17:21:12.590804,57%,86%,2h 17m,,Well Go USA Entertainment,"Jun 17, 2022 limited",,"Action, Fantasy","Seo Eun-soo, Jin Goo, Jo Min-soo, Lee Jong-suk, Kim Da-mi, Park Hoon-jung",Park Hoon-jung
0e97bf80-ad83-4662-bf71-9c84c3249474,https://www.rottentomatoes.com/m/wayward,2022-06-21 17:21:12.620269,,50%,2h 0m,,Faith Media Distribution,"Jun 14, 2022 limited","Jun 14, 2022",Mystery & thriller,"Iyana Halley, Barton Fitzpatrick, Darius McCrary, J.J. Green, Adrian Sierkowski, Jennifer Lin Norman",Kurt Yochum
1a06f9ed-b79c-42e2-8e93-82d99b21ccfd,https://www.rottentomatoes.com/m/top_gun,2022-06-21 17:21:12.673482,58%,83%,1h 49m,PG,Paramount Pictures,"May 16, 1986 original","Oct 20, 1998","Action, Adventure","Tom Cruise, Kelly McGillis, Anthony Edwards, Val Kilmer, Tom Skerritt, Michael Ironside",Tony Scott
fcabef91-6a4f-4e03-a6d2-85b9e82148ef,https://www.rottentomatoes.com/m/father_of_the_bride_2022,2022-06-21 17:21:12.829264,81%,61%,1h 58m,PG-13 (Brief Suggestive Material),,,"Jun 16, 2022",Romance,"Andy Garcia, Gloria Estefan, Adria Arjona, Diego Boneta, Pedro Damián, Isabela Merced",Gary Alazraki
ca8f8f5d-4d51-43ee-b62b-c63714a9394b,https://www.rottentomatoes.com/m/x_2022,2022-06-21 17:21:12.875929,95%,75%,1h 45m,R (Gore|Drug Use|Strong Sexual Content|Graphic Nudity|Language|Strong Bloody Violence),A24,"Mar 18, 2022 wide","Apr 14, 2022","Horror, Mystery & thriller","Mia Goth, Jenna Ortega, Martin Henderson, Brittany Snow, Owen Campbell, Stephen Ure",Ti West
fef17c71-65ca-496b-9ecf-2002b06c5ec6,https://www.rottentomatoes.com/m/good_luck_to_you_leo_grande,2022-06-21 17:21:12.926605,95%,87%,1h 37m,R (Graphic Nudity|Some Language|Sexual Content),,,"Jun 17, 2022","Comedy, Drama","Emma Thompson, Daryl McCormack, Isabella Laughland, Charlotte Ware, Carina Lopes, Sophie Hyde",Sophie Hyde
1805428f-9849-4106-8cc7-850fb5ba5176,https://www.rottentomatoes.com/m/what_is_a_woman,2022-06-21 17:21:12.970122,,97%,1h 34m,,,,"Jun 1, 2022",Documentary,"Gert Comfrey, Marci Bowers, Don Sucher, Michelle Forcier, Patrick Grzanka, Miriam Grossman",Justin Folk
4f48dec4-71ef-4909-af82-c3c3c5704a71,https://www.rottentomatoes.com/m/hit_the_road_2022,2022-06-21 17:21:13.150527,93%,93%,1h 33m,,Kino Lorber,"Apr 22, 2022 limited","Jul 19, 2022","Comedy, Drama","Hassan Madjooni, Pantea Panahiha, Rayan Sarlak, Amin Simiar, Panah Panahi, Panah Panahi",Panah Panahi
8a80e1dd-a445-4e22-91ba-903ee3078f29,https://www.rottentomatoes.com/m/montana_story,2022-06-21 17:21:13.465931,87%,69%,1h 53m,R (Language),Bleecker Street,"May 13, 2022 limited",,Drama,"Haley Lu Richardson, Owen Teague, Gilbert Owuor, Kimberly Guerrero, Eugene Brave Rock, Asivak Koostachin","Scott McGehee , David Siegel"
a6ddce12-140b-4b20-9a2e-a97659bed7db,https://www.rottentomatoes.com/m/rite_of_the_shaman,2022-06-21 17:21:13.519717,,91%,1h 9m,,Purdie Distribution,"May 27, 2022 limited",,Drama,"Tyrell Oberle, Janice Spencer-Wise, Lauren Holdt, Kim Stone, Ethan Bracken, James H. Martin",Alicia Oberle Farmer
ce68573d-1629-478b-b8e0-29dd970ca0c3,https://www.rottentomatoes.com/m/2000_mules,2022-06-21 17:21:13.546602,,100%,1h 29m,,D'Souza Media,"May 20, 2022 wide",,Documentary,"Dinesh D'Souza, Debbie D'Souza, Catherine Engelbrecht, Gregg Phillips, Dennis Prager, Sebastian Gorka","Dinesh D'Souza , Debbie D'Souza , Bruce Schooley"
52ecadcb-b012-47b7-8f26-929bbcdf1ab5,https://www.rottentomatoes.com/m/rrr,2022-06-21 17:21:13.609976,90%,94%,3h 7m,,Sarigama Cinemas,"Mar 25, 2022 wide",,"Action, Drama","N.T. Rama Rao Jr., Ram Charan, Ajay Devgan, Alia Bhatt, Shriya Saran, Samuthirakani",S.S. Rajamouli
28fa19ac-413d-43e4-a58b-f405886c7e61,https://www.rottentomatoes.com/m/a_chiara,2022-06-21 17:21:14.250791,90%,80%,2h 1m,R (Some Language and Drug Content),NEON,"May 27, 2022 limited",,Drama,"Swamy Rotolo, Claudio Rotolo, Grecia Rotolo, Carmela Fumo, Silvana Palumbo, Rosa Caccamo",Jonas Carpignano
a11facbc-6cde-441b-a993-0be9b08f3763,https://www.rottentomatoes.com/m/lost_illusions_2021,2022-06-21 17:21:14.276809,90%,40%,2h 29m,,Music Box Films,"Jun 10, 2022 limited",,"Drama, History","Benjamin Voisin, Cécile De France, Vincent Lacoste, Xavier Dolan, Salomé Dewaels, Jeanne Balibar",Xavier Giannoli
ffb92a11-46ec-4cf5-be41-a971af273161,https://www.rottentomatoes.com/m/y_como_es_el,2022-06-21 17:21:14.298743,60%,81%,1h 36m,PG-13 (Language|Some Violence|Sexual Material Throughout),Pantelion Films,"Apr 22, 2022 limited",,Comedy,"Omar Chaparro, Mauricio Ochmann, Zuria Vega, Miguel Rodarte, Mauricio Barrientos, Consuelo Duval",Ariel Winograd
ecd2ec9d-f796-4c10-856b-cfd61f139115,https://www.rottentomatoes.com/m/the_book_keepers,2022-06-21 17:21:14.324875,,,1h 29m,,First Run Features,"Jun 17, 2022 limited",,Documentary,"Phil Wall, Phil Wall, Naveen Malikarjuna, Nick Sprague, Teresa George, Dick Wall",Phil Wall
a024c3fe-dc60-41e4-973b-f68fa47d15d7,https://www.rottentomatoes.com/m/petite_maman,2022-06-21 17:21:14.345170,97%,77%,1h 12m,PG (Some Thematic Elements|Brief Smoking),NEON,"Apr 22, 2022 limited",,Drama,"Nina Meurisse, Margot Abascal, Stéphane Varupenne, Joséphine Sanz, Gabrielle Sanz, Florès Cardo",Céline Sciamma
32f77f73-bfc3-4ea6-adf9-a8a631a05ab5,https://www.rottentomatoes.com/m/take_me_to_the_river_new_orleans,2022-06-21 17:21:14.527353,90%,83%,1h 50m,,360 Distribution,"Apr 22, 2022 limited",,"Documentary, Music","Neville Brothers, Irma Thomas, Ledisi, Snoop Dogg, G-Eazy, John Goodman",Martin Shore
667f34ea-85b3-4317-b1bb-c6c0ee77d4f5,https://www.rottentomatoes.com/m/gatlopp,2022-06-21 17:21:14.599885,,,1h 20m,,,,"Jun 23, 2022",Comedy,"Jim Mahoney, Emmy Raver-Lampman, Jon Bass, Sarunas J. Jackson, Shelley Hennig, John Ales",Alberto Belli
b61cc7fb-8d64-461e-96e6-a06c90a9fa78,https://www.rottentomatoes.com/m/the_phantom_of_the_open,2022-06-21 17:21:14.623080,87%,88%,1h 46m,PG-13 (Smoking|Some Strong Language),Sony Pictures Classics,"Jun 3, 2022 limited",,"Comedy, Drama","Mark Rylance, Sally Hawkins, Rhys Ifans, Jake Davies, Christian Lees, Jonah Lees",Craig Roberts
f526b5fa-e1ca-4e5f-952d-3dbe764f7a9e,https://www.rottentomatoes.com/m/abandoned_2022,2022-06-21 17:21:14.646117,6%,80%,1h 42m,PG-13,Vertical Entertainment,"Jun 17, 2022 limited","Jun 24, 2022",Horror,"Emma Roberts, John Gallagher Jr., Paul Schneider, Michael Shannon, Kate Arrington, Paul Dillon",Spencer Squire
f79a8bf8-db01-4b9c-97b5-8405e54b24d3,https://www.rottentomatoes.com/m/neptune_frost,2022-06-21 17:21:14.778482,97%,80%,1h 45m,,Kino Lorber,"Jun 3, 2022 limited","Jul 5, 2022","Musical, Sci-fi","Cheryl Isheja, Bertrand Ninteretse, Eliane Umuhire, Elvis Ngabo, Dorcy Rugamba, Rebecca Mucyo","Saul Williams , Anisia Uzeyman"
ad0ed9bb-f161-4fc2-a8cb-c36c44a50b87,https://www.rottentomatoes.com/m/family_camp,2022-06-21 17:21:14.803956,40%,84%,1h 51m,PG,Roadside Attractions,"May 13, 2022 wide",,Comedy,"Tommy Woodard, Eddie James, Leigh-Allyn Baker, Gigi Orsillo, Robert Amaya, Cece Kelly",Brian Cates
4c313063-879f-4b67-864b-b9e3bf465684,https://www.rottentomatoes.com/m/beavis_and_butt_head_do_the_universe,2022-06-21 17:21:14.831885,,,,,,,"Jun 23, 2022","Comedy, Adventure","Mike Judge, Gary Cole, Chris Diamantopoulos, Nat Faxon, Brian Huskey, Chi McBride",Mike Judge
d226bb81-9ca0-47ed-a0c3-283bd5ff38ba,https://www.rottentomatoes.com/m/the_duke,2022-06-21 17:21:14.875015,97%,86%,1h 36m,R (Language and Brief Sexuality),Sony Pictures Classics,"Apr 22, 2022 limited",,"Comedy, Drama","Jim Broadbent, Dame Helen Mirren, Fionn Whitehead, Aimee Kelly, Craig Conway, Heather Craney",Roger Michell
f16a2b17-1242-4bc4-a32b-257831d3a5fe,https://www.rottentomatoes.com/m/bruna_louise_demolition,2022-06-21 17:21:15.043653,,,,,,,"Jun 22, 2022","Comedy, Stand-up","Bruna Louise, Fabio Ock",Fabio Ock
b79c68c1-f642-47c5-a248-02b3d88d95ce,https://www.rottentomatoes.com/m/joker_2019,2022-06-21 17:21:15.125600,68%,88%,2h 2m,R (Disturbing Behavior|Brief Sexual Images|Language|Strong Bloody Violence),Warner Bros. Pictures,"Oct 4, 2019 wide","Oct 3, 2019","Crime, Drama","Joaquin Phoenix, Robert De Niro, Zazie Beetz, Frances Conroy, Brett Cullen, Shea Whigham",Todd Phillips
d3df7786-6889-4fc4-8637-0b5fd81ff554,https://www.rottentomatoes.com/m/chip_n_dale_rescue_rangers,2022-06-21 17:21:15.145598,80%,80%,1h 36m,PG (Mild Action|Rude/Suggestive Humor),,,"May 20, 2022","Comedy, Adventure, Kids & family","John Mulaney, Andy Samberg, Corey Burton, Anthony Molinari, Juliet Donenfeld, Victor Turpin",Akiva Schaffer
0720df46-0dd2-48cc-b847-b1151d11cab3,https://www.rottentomatoes.com/m/house_of_gucci,2022-06-21 17:21:15.477949,62%,83%,2h 37m,R (Language|Brief Nudity|Some Sexual Content|Violence),United Artists Releasing,"Nov 24, 2021 wide","Feb 1, 2022",Drama,"Lady Gaga, Adam Driver, Al Pacino, Jeremy Irons, Jared Leto, Jack Huston",Ridley Scott
3599771a-09f5-4077-ada7-83ae80d83998,https://www.rottentomatoes.com/m/jurassic_park_iii,2022-06-21 17:21:15.502816,49%,36%,1h 31m,PG-13 (Intense Sci-Fi Violence|Intense Sci-Fi Terror),Universal Pictures,"Jul 18, 2001 wide","Dec 11, 2001","Adventure, Action","Sam Neill, William H. Macy, Téa Leoni, Alessandro Nivola, Trevor Morgan, Michael Jeter",Joe Johnston
975295de-8ab4-4fd9-9a89-e10df83e6a87,https://www.rottentomatoes.com/m/ghostbusters_afterlife,2022-06-21 17:21:15.535697,63%,94%,2h 4m,PG-13 (Supernatural Action|Some Suggestive References),Columbia Pictures,"Nov 19, 2021 wide","Jan 10, 2022","Comedy, Fantasy, Adventure","Carrie Coon, Finn Wolfhard, Mckenna Grace, Paul Rudd, Celeste O'Connor, Bill Murray",Jason Reitman
bb36d0e2-7d22-446b-ae40-83cac989c348,https://www.rottentomatoes.com/m/turbo_cola,2022-06-21 17:21:15.564085,83%,50%,1h 35m,,,,"Jun 14, 2022","Holiday, Comedy","Nicholas Stoesser, Jared Spears, Jordyn Denning, Landon Tavernier, Brooke Maroon, Anthony Notarile",Luke Covert
7929cbb9-a538-4777-ba03-b6eeb2286843,https://www.rottentomatoes.com/m/the_gentlemen,2022-06-21 17:21:15.635901,75%,84%,1h 53m,R (Language Throughout|Drug Content|Sexual References|Violence),STX Films,"Jan 24, 2020 wide","Mar 24, 2020","Comedy, Crime, Drama","Matthew McConaughey, Charlie Hunnam, Michelle Dockery, Jeremy Strong, Lyne Renee, Colin Farrell",Guy Ritchie
ecf3c3c1-8603-4e59-a137-8826f2c309a7,https://www.rottentomatoes.com/m/avengers_endgame,2022-06-21 17:21:15.787146,94%,90%,3h 1m,PG-13 (Sequences of Sci-Fi Violence|Action|Some Language),Walt Disney,"Apr 26, 2019 wide","Jul 30, 2019","Action, Adventure, Fantasy","Robert Downey Jr., Chris Evans, Mark Ruffalo, Chris Hemsworth, Scarlett Johansson, Jeremy Renner","Anthony Russo , Joe Russo"
83c0ef61-4a8d-43b3-8836-7cf07f95cfb2,https://www.rottentomatoes.com/m/uncut_gems,2022-06-21 17:21:15.815195,92%,52%,2h 15m,R (Pervasive Strong Language|Brief Drug Use|Some Sexual Content|Violence),A24,"Dec 25, 2019 wide","Dec 13, 2019","Comedy, Mystery & thriller","Adam Sandler, LaKeith Stanfield, Julia Fox, Kevin Garnett, Idina Menzel, Eric Bogosian","Ben Safdie , Joshua Safdie"
ae867c5b-796f-44e9-92d0-1b566b56e863,https://www.rottentomatoes.com/m/the_adam_project,2022-06-21 17:21:15.839628,67%,74%,1h 46m,PG-13 (Language|Violence/Action|Suggestive References),,,"Mar 11, 2022","Adventure, Action, Comedy","Ryan Reynolds, Mark Ruffalo, Jennifer Garner, Walker Scobell, Zoe Saldana, Catherine Keener",Shawn Levy
bcdd8fd6-4111-4d72-9558-6ea9c15099f0,https://www.rottentomatoes.com/m/the_power_of_the_dog,2022-06-21 17:21:15.992431,94%,76%,2h 8m,R (Full Nudity|Brief Sexual Content),Netflix,"Nov 17, 2021 limited","Dec 1, 2021","Western, Drama, Romance","Benedict Cumberbatch, Kirsten Dunst, Jesse Plemons, Kodi Smit-McPhee, Thomasin McKenzie, Frances Conroy",Jane Campion
65795440-dd3d-44db-8ea0-daf8094b4900,https://www.rottentomatoes.com/m/the_contractor_2022,2022-06-21 17:21:16.125716,46%,72%,1h 43m,R (Violence and Language),Paramount Pictures,"Apr 1, 2022 wide","Apr 1, 2022",Action,"Chris Pine, Ben Foster, Gillian Jacobs, Eddie Marsan, JD Pardo, Kiefer Sutherland",Tarik Saleh
eab1230d-7cad-46a2-891c-ea046c91565d,https://www.rottentomatoes.com/m/toy_story,2022-06-21 17:21:16.228407,100%,92%,1h 20m,G,"Warner Home Vídeo, Buena Vista Pictures","Nov 22, 1995 original","Mar 23, 2010","Comedy, Adventure, Fantasy","Tom Hanks, Tim Allen, Don Rickles, Jim Varney, Wallace Shawn, John Ratzenberger",John Lasseter
e7b56b94-76ea-41e7-a392-4668c6aace85,https://www.rottentomatoes.com/m/pete_davidson_presents_the_best_friends,2022-06-21 17:21:16.386918,,37%,,,,,"Jun 13, 2022","Comedy, Stand-up","Pete Davidson, Machine Gun Kelly, Giulio Gallarotti, Neko White, Carly Aquilino, Joey Gay",
0d08d514-a44f-42d8-b5d0-70ef00d8fe2b,https://www.rottentomatoes.com/m/you_wont_be_alone,2022-06-21 17:21:16.538381,93%,,1h 49m,R (Violence and Gore|Graphic Nudity|Sexual Content|Sexual Assault),Focus Features,"Apr 1, 2022 limited","May 16, 2022","Horror, Drama","Noomi Rapace, Anamaria Marinca, Alice Englert, Carloto Cotta, Félix Maritaud, Sara Klimoska",Goran Stolevski
d080e454-6224-4769-bfde-8b29f454d616,https://www.rottentomatoes.com/m/1982_2022,2022-06-21 17:21:16.562818,94%,77%,1h 40m,,Tricycle Logic,"Jun 10, 2022 limited",,"History, Drama","Nadine Labaki, Rodrigue Sleiman, Aliya Khalidi, Ghassan Maalouf, Gia Madi",Oualid Mouaness
62a39dd0-a14a-45a6-b3ad-975bf6c718c1,https://www.rottentomatoes.com/m/the_matrix_resurrections,2022-06-21 17:21:16.591462,63%,64%,2h 28m,R (Violence and Some Language),Warner Bros. Pictures,"Dec 22, 2021 wide","Dec 22, 2021",Action,"Keanu Reeves, Carrie-Anne Moss, Yahya Abdul-Mateen II, Jonathan Groff, Jessica Henwick, Neil Patrick Harris",Lana Wachowski
c403b483-443a-4e31-9349-c8e8ea378b68,https://www.rottentomatoes.com/m/star_wars_episode_iii_revenge_of_the_sith,2022-06-21 17:21:16.632936,79%,66%,2h 20m,PG-13 (Some Intense Images|Sci-Fi Violence),20th Century Fox,"May 19, 2005 wide","Nov 1, 2005","Adventure, Action, Fantasy","Ewan McGregor, Natalie Portman, Hayden Christensen, Ian McDiarmid, Samuel L. Jackson, Christopher Lee",George Lucas
09b59aec-a90f-418d-a6b5-606234ad30b8,https://www.rottentomatoes.com/m/midnight_in_the_switchgrass,2022-06-21 17:21:16.748236,8%,20%,1h 39m,R (Violence|Language Throughout),Lionsgate Films,"Jul 23, 2021 limited","Jul 23, 2021","Drama, Crime, Mystery & thriller","Megan Fox, Bruce Willis, Emile Hirsch, Lukas Haas, Machine Gun Kelly, Caitlin Carmichael",Randall Emmett
2a608a68-868a-4013-acb2-02d4c5c60e44,https://www.rottentomatoes.com/m/toy_story_4,2022-06-21 17:21:16.841444,97%,94%,1h 40m,G,Walt Disney,"Jun 21, 2019 wide","Oct 1, 2019","Comedy, Adventure, Fantasy","Tom Hanks, Tim Allen, Annie Potts, Tony Hale, Keegan-Michael Key, Madeleine McGraw",Josh Cooley
7cf922b6-6174-460f-906d-9e029ff4cef3,https://www.rottentomatoes.com/m/dune_2021,2022-06-21 17:21:16.893980,83%,90%,2h 35m,PG-13 (Some Disturbing Images|Sequences of Strong Violence|Suggestive Material),Warner Bros. Pictures,"Oct 22, 2021 wide","Oct 22, 2021",Adventure,"Timothée Chalamet, Rebecca Ferguson, Oscar Isaac, Josh Brolin, Stellan Skarsgård, Jason Momoa",Denis Villeneuve
a22b1677-2289-4fb6-8a7d-19bea6c740a9,https://www.rottentomatoes.com/m/eternals,2022-06-21 17:21:16.915857,47%,78%,2h 37m,PG-13 (Fantasy Violence and Action|Brief Sexuality|Some Language),Walt Disney,"Nov 5, 2021 wide","Jan 12, 2022","Action, Adventure, Fantasy","Angelina Jolie, Salma Hayek, Kit Harington, Gemma Chan, Richard Madden, Kumail Nanjiani",Chloé Zhao
d7788ee4-f9b8-4a3b-84e1-1db7f513e4b0,https://www.rottentomatoes.com/m/paddington_2,2022-06-21 17:21:16.938344,99%,88%,1h 43m,PG (Some Action|Mild Rude Humor),Warner Bros. Pictures,"Jan 12, 2018 wide","Apr 24, 2018","Comedy, Adventure","Ben Whishaw, Hugh Grant, Sally Hawkins, Hugh Bonneville, Brendan Gleeson, Julie Walters",Paul King
3e879d72-58c4-4d3c-a48a-43fa054d5001,https://www.rottentomatoes.com/m/doctor_strange_in_the_multiverse_of_madness,2022-06-21 17:21:16.996258,74%,85%,2h 6m,PG-13 (Frightening Images|Action|Intense Sequences of Violence|Some Language),Walt Disney Pictures,"May 6, 2022 wide","Jun 22, 2022","Action, Adventure, Fantasy","Benedict Cumberbatch, Elizabeth Olsen, Chiwetel Ejiofor, Rachel McAdams, Benedict Wong, Xochitl Gómez",Sam Raimi
319826d9-71bd-4b29-a51b-1fb30440d008,https://www.rottentomatoes.com/m/last_seen_alive,2022-06-21 17:21:17.073096,14%,41%,1h 35m,R (Pervasive Language|Violence|Some Drug Material),,,"Jun 3, 2022",Action,"Gerard Butler, Jaimie Alexander, Russell Hornsby, Dani Deette, Aleks Alifirenko Jr., Robert Walker Branchaud",Brian Goodman
378049d5-2eab-4815-8857-4bc449de9591,https://www.rottentomatoes.com/m/hustlers_2019,2022-06-21 17:21:17.097828,87%,65%,1h 50m,R (Language|Drug Content|Nudity|Pervasive Sexual Material),STX Films,"Sep 13, 2019 wide","Sep 13, 2019","Comedy, Drama","Constance Wu, Jennifer Lopez, Julia Stiles, Mercedes Ruehl, Mette Towley, Wai Ching Ho",Lorene Scafaria
4f2a6841-62f4-45d9-9dca-866be8c41a09,https://www.rottentomatoes.com/m/old,2022-06-21 17:21:17.162681,50%,53%,1h 48m,PG-13 (Disturbing Images|Brief Strong Language|Partial Nudity|Strong Violence|Suggestive Content),Universal Pictures,"Jul 23, 2021 wide","Oct 4, 2021","Horror, Mystery & thriller","Gael García Bernal, Vicky Krieps, Rufus Sewell, Ken Leung, Alex Wolff, Abbey Lee",M. Night Shyamalan
31d00f69-fc2c-4dc0-898e-1fcb54b622ab,https://www.rottentomatoes.com/m/turning_red,2022-06-21 17:21:17.225810,94%,72%,1h 40m,PG (Thematic Material|Suggestive Content|Language),,,"Mar 11, 2022","Comedy, Fantasy","Rosalie Chiang, Sandra Oh, Ava Morse, Hyein Park, Maitreyi Ramakrishnan, Orion Lee",Domee Shi
1fade246-ede6-47fe-8199-ab890a0b9275,https://www.rottentomatoes.com/m/star_wars_the_last_jedi,2022-06-21 17:21:17.315437,91%,42%,2h 32m,PG-13 (Violence|Sequences of Sci-Fi Action),Walt Disney,"Dec 15, 2017 wide","Mar 27, 2018","Adventure, Action, Fantasy","Mark Hamill, Carrie Fisher, Adam Driver, Daisy Ridley, John Boyega, Oscar Isaac",Rian Johnson
0ad3d92a-a29f-46ff-8c15-b2bf90227dc3,https://www.rottentomatoes.com/m/love_and_gelato,2022-06-21 17:21:17.405593,,,,,,,"Jun 22, 2022","Romance, Drama","Susanna Skaggs, Owen McDonnell, Anjelika Washington, Valentina Lodovini, Alex Boniello, Tera Hendrickson",Brandon Camp
f8a41ec7-49d1-4c20-ac36-83f27ce52061,https://www.rottentomatoes.com/m/joel_kim_booster_psychosexual,2022-06-21 17:21:17.545468,,,,,,,"Jun 21, 2022","Comedy, Stand-up","Joel Kim Booster, Doron Max Hagay, Joel Kim Booster, Tony Hernandez, Seamus Murphy-Mitchell, Brooke Posch",Doron Max Hagay
dd3acb5b-8ab9-45de-9751-591f5d7c9e41,https://www.rottentomatoes.com/m/harmonious_live,2022-06-21 17:21:17.565376,,,,,,,"Jun 21, 2022","Music, Variety","Idina Menzel, Auli'i Cravalho",
13815b4f-efdc-49bb-887f-7b42c2aa6a9c,https://www.rottentomatoes.com/m/triple_threat_2022,2022-06-21 17:21:17.588743,,,1h 39m,,Gravitas Ventures,"Jun 21, 2022 limited","Jun 21, 2022","Comedy, Drama, Lgbtq+","Stacey Maltin, Jay DeYonker, Margarita Zhitnikova, Aury Krebs, Aramie Payton, Mark St. Cyr",Stacey Maltin
a718fa35-debc-407d-bb22-270aac4ca1f8,https://www.rottentomatoes.com/m/happening,2022-06-21 17:21:17.636269,99%,86%,1h 40m,R (Sexual Content|Graphic Nudity|Disturbing Material/Images),IFC Films,"May 6, 2022 limited","Jun 21, 2022",Drama,"Anamaria Vartolomei, Sandrine Bonnaire, Kacey Mottet Klein, Luàna Bajrami, Louise Orry-Diquéro, Louise Chevillotte",Audrey Diwan
f7f05e3f-3019-48ae-a377-dc62d438c6ef,https://www.rottentomatoes.com/m/the_house_in_between_part_2,2022-06-21 17:21:17.669263,,,,,,,"Jun 21, 2022","Documentary, Horror","Alice Jackson, Steve Gonsalves, Steve Gonsalves, Kendall Whelpton","Steve Gonsalves , Kendall Whelpton"
a886420a-064a-4fda-b1a9-f01c3a73ae4e,https://www.rottentomatoes.com/m/crazy_cat_lady,2022-06-21 17:21:17.725563,,,1h 41m,,,,"Jun 21, 2022",Documentary,"Garrett Clancy, Garrett Clancy, Garrett Clancy, Amanda Marie Harrison, Tricia Helfer, Garrett Clancy",Garrett Clancy
d338715c-d07a-4f07-bd26-fc9808e71602,https://www.rottentomatoes.com/m/free_guy,2022-06-21 17:21:17.972866,80%,94%,1h 55m,PG-13 (Language|Crude/Suggestive References|Strong Fantasy Violence),,"Aug 13, 2021 wide","Sep 27, 2021","Action, Adventure, Comedy","Ryan Reynolds, Jodie Comer, Joe Keery, Lil Rel Howery, Utkarsh Ambudkar, Taika Waititi",Shawn Levy
4c7f7ccb-e9ec-4e51-a55d-c99ce6a7e980,https://www.rottentomatoes.com/m/last_night_in_soho,2022-06-21 17:21:18.227426,76%,90%,1h 57m,R (Brief Drug Material|Bloody Violence|Brief Graphic Nudity|Language|Sexual Content),Focus Features,"Oct 29, 2021 wide","Nov 18, 2021",Drama,"Anya Taylor-Joy, Thomasin McKenzie, Matt Smith, Terence Stamp, Diana Rigg, Rita Tushingham",Edgar Wright
492f09f8-0ac9-43eb-9a92-b98eed0381d1,https://www.rottentomatoes.com/m/spree_2020,2022-06-21 17:21:18.247789,68%,59%,1h 32m,,RLJE Films,"Aug 14, 2020 limited","Aug 14, 2020",Comedy,"Joe Keery, Sasheer Zamata, David Arquette, Kyle Mooney, Mischa Barton, Frankie Grande",Eugene Kotlyarenko
1d494939-6eed-4d3e-95eb-818fc806977f,https://www.rottentomatoes.com/m/fresh_2022,2022-06-21 17:21:18.280161,81%,80%,1h 54m,R,,,"Mar 4, 2022","Horror, Comedy, Drama, Mystery & thriller","Daisy Edgar-Jones, Sebastian Stan, Jonica T. Gibbs, Andrea Bang, Dayo Okeniyi, Charlotte Le Bon",Mimi Cave
6f5e9160-975f-42b8-bd9a-9269adc8dae1,https://www.rottentomatoes.com/m/hellbender,2022-06-21 17:21:18.330890,97%,58%,1h 26m,,,,"Feb 24, 2022",Horror,"Zelda Adams, Toby Poser, Lulu Adams, John Adams, Rinzin Thonden, Khenzom","John Adams , Zelda Adams , Toby Poser"
e3569562-c17d-4a48-b387-1821e7d53831,https://www.rottentomatoes.com/m/dont_look_up_2021,2022-06-21 17:21:18.381707,55%,78%,2h 18m,R (Graphic Nudity|Drug Content|Language Throughout|Some Sexual Content),Netflix,"Dec 10, 2021 limited","Dec 24, 2021",Comedy,"Leonardo DiCaprio, Jennifer Lawrence, Meryl Streep, Jonah Hill, Cate Blanchett",Adam McKay
06b45d46-9cfc-4d4b-9c76-60d54f2482f3,https://www.rottentomatoes.com/m/sex_and_the_city_2,2022-06-21 17:21:18.431686,16%,43%,2h 27m,R (Some Strong Sexual Content|Language),Warner Bros.,"May 27, 2010 wide","Aug 17, 2010","Comedy, Romance","Sarah Jessica Parker, Kim Cattrall, Kristin Davis, Cynthia Nixon, Chris Noth, John Corbett",Michael Patrick King
5c375b06-cb60-480b-902e-3c7247d8d625,https://www.rottentomatoes.com/m/when-sports-were-king,2022-06-21 17:21:18.476269,,,27m,,,,"Sep 14, 2018",Documentary,"Michael Braccia Sr., Raymond Francis Goffio, Vincent Cusato, Joey Hodges, Mike Brennan Sr., Criag Hofferimer","Jason Cusato , Ricardo Pantoja"
2badf804-89be-4352-8c9c-5b6750defe10,https://www.rottentomatoes.com/m/midsommar,2022-06-21 17:21:18.496142,83%,63%,2h 25m,R (Drug Use|Disturbing Ritual Violence|Strong Sexual Content|Graphic Nudity|Grisly Images|Language),A24,"Aug 30, 2019 wide","Sep 24, 2019",Horror,"Florence Pugh, Jack Reynor, William Jackson Harper, Will Poulter, Vilhelm Blomgren, Isabelle Grill",Ari Aster
8e13fbfe-68e3-4cd0-9126-9d965b5b0456,https://www.rottentomatoes.com/m/hereditary,2022-06-21 17:21:18.522572,89%,68%,2h 7m,R (Disturbing Images|Brief Graphic Nudity|Drug Use|Horror Violence|Language),A24,"Jun 8, 2018 wide","Sep 4, 2018",Horror,"Toni Collette, Gabriel Byrne, Alex Wolff, Ann Dowd, Milly Shapiro, Mallory Bechtel",Ari Aster
de3e6ac3-c659-4655-83e6-e7506f01a4bb,https://www.rottentomatoes.com/m/the_janes,2022-06-21 17:21:18.570243,100%,89%,1h 41m,,,,"Jun 8, 2022","Documentary, History","Tia Lessin, Emma Pildes, Emma Pildes, Jessica Levin, Daniel Arcana, Susan Lacy","Tia Lessin , Emma Pildes"
95bfd750-7f6c-4e5c-98f4-1bb7a22ae661,https://www.rottentomatoes.com/m/nobody_2021,2022-06-21 17:21:18.588074,84%,94%,1h 32m,R (Brief Drug Use|Bloody Images|Language Throughout|Strong Violence),Universal Pictures,"Mar 26, 2021 wide","Apr 15, 2021","Action, Comedy","Bob Odenkirk, Connie Nielsen, Alexey Serebryakov, Christopher Lloyd, RZA, Michael Ironside",Ilya Naishuller
06795f17-7923-46a3-ac3a-4048500e27ea,https://www.rottentomatoes.com/m/the_stepmother_2022,2022-06-21 17:21:18.725999,,,,,,,"Jun 17, 2022",Drama,"Marques Houston, Erica Mena, Justin Sweat, Chris Stokes, Marques Houston, Chris Stokes",Chris Stokes
fe9e5bd9-9565-4deb-b6db-42613dffadfd,https://www.rottentomatoes.com/m/captain_marvel,2022-06-21 17:21:18.744040,79%,45%,2h 4m,PG-13 (Brief Suggestive Language|Action|Sequences of Sci-Fi Violence),Walt Disney,"Mar 8, 2019 wide","May 28, 2019","Action, Adventure, Fantasy","Brie Larson, Samuel L. Jackson, Ben Mendelsohn, Djimon Hounsou, Lee Pace, Lashana Lynch","Anna Boden , Ryan Fleck"
a8271fa5-da43-438d-bfe2-81b430709a4c,https://www.rottentomatoes.com/m/shang_chi_and_the_legend_of_the_ten_rings,2022-06-21 17:21:18.809389,91%,98%,2h 13m,PG-13 (Sequences of Violence & Action|Language),,"Sep 3, 2021 wide","Nov 12, 2021","Action, Adventure, Fantasy","Simu Liu, Awkwafina, Meng'er Zhang, Fala Chen, Florian Munteanu, Benedict Wong",Destin Daniel Cretton
9bb9f2e3-132d-4a2a-8832-be1775a0703d,https://www.rottentomatoes.com/m/deep_water_2022,2022-06-21 17:21:18.955938,37%,23%,1h 56m,R (Some Violence|Language|Sexual Content|Nudity),,,"Mar 18, 2022",Drama,"Ben Affleck, Ana de Armas, Tracy Letts, Lil Rel Howery, Dash Mihok, Finn Wittrock",Adrian Lyne
c56776aa-ae77-43b1-9491-30db53dffe01,https://www.rottentomatoes.com/m/chickenhare_and_the_hamster_of_darkness,2022-06-21 17:21:19.056089,,93%,1h 31m,,,,"Jun 10, 2022","Adventure, Comedy, Animation","Danny Fehsenfeld, Donte Paris, Joe Ochman, Ben Stassen, David Collard, Ben Stassen",Ben Stassen
c7fa70f8-d283-4776-a99d-dd98e845e3c1,https://www.rottentomatoes.com/m/vice_2018,2022-06-21 17:21:19.122009,65%,60%,2h 12m,R (Some Violent Images|Language),Annapurna Pictures,"Dec 25, 2018 wide","Apr 2, 2019","Biography, Drama","Christian Bale, Amy Adams, Steve Carell, Sam Rockwell, Alison Pill, Eddie Marsan",Adam McKay
be831a64-864b-4bb0-8139-87e791215750,https://www.rottentomatoes.com/m/lost_world_jurassic_park,2022-06-21 17:21:19.187462,53%,51%,2h 14m,PG-13 (Intense Sci-Fi Violence|Intense Sci-Fi Terror),Universal Pictures,"May 23, 1997 wide","Nov 3, 2009","Adventure, Action","Jeff Goldblum, Julianne Moore, Pete Postlethwaite, Arliss Howard, Richard Attenborough, Vince Vaughn",Steven Spielberg
3de498ab-dc3b-4984-b590-a0f65a6c5107,https://www.rottentomatoes.com/m/aheds_knee,2022-06-21 17:21:19.228252,74%,43%,1h 49m,,Kino Lorber,"Mar 18, 2022 limited","Jun 14, 2022",Drama,"Avshalom Pollak, Nur Fibak, Lidor Edri, Yoram Honig, Yonatan Kugler, Naama Preis",Nadav Lapid
52451774-81e2-4b21-8f6f-fa923c463c68,https://www.rottentomatoes.com/m/interstellar_2014,2022-06-21 17:21:19.339412,72%,86%,2h 45m,PG-13 (Some Intense Perilous Action|Brief Strong Language),Paramount Pictures,"Nov 7, 2014 wide","Mar 31, 2015","Adventure, Action","Matthew McConaughey, Anne Hathaway, Jessica Chastain, Michael Caine, Bill Irwin, Ellen Burstyn",Christopher Nolan
212d661f-c6c1-4fdc-bdab-86fa6d8321ee,https://www.rottentomatoes.com/m/good_mourning,2022-06-21 17:21:19.381388,0%,73%,,,Open Road Films,"May 20, 2022 limited","May 20, 2022",Comedy,"Machine Gun Kelly, Mod Sun, Becky G, Dove Cameron, Whitney Cummings, GaTa","Machine Gun Kelly , Mod Sun"
dd675609-2307-4e60-8673-dc55526b8587,https://www.rottentomatoes.com/m/dinner_in_america,2022-06-21 17:21:19.473511,91%,84%,1h 46m,,Best & Final Releasing,"May 27, 2022 limited","Jun 7, 2022","Comedy, Drama","Kyle Gallner, Emily Skeggs, Griffin Gluck, Pat Healy, Mary Lynn Rajskub, David Yow",Adam Rehmeier
3a53d910-cc5e-4e7a-9d7c-794199d395dc,https://www.rottentomatoes.com/m/senior_year,2022-06-21 17:21:19.495115,24%,48%,1h 52m,R (Brief Teen Drinking/Drug Use|Sexual Material|Language),,,"May 13, 2022",Comedy,"Rebel Wilson, Zoe Chao, Sam Richardson, Mary Holland, Justin Hartley, Chris Parnell",Alex Hardcastle
a1986691-6d26-429c-a727-42f16695948e,https://www.rottentomatoes.com/m/the_last_duel_2021,2022-06-21 17:21:19.517661,85%,81%,2h 33m,R (Sexual Assault|Language|Sexual Content|Some Graphic Nudity|Strong Violence),20th Century Studios,"Oct 15, 2021 wide","Nov 30, 2021","History, Drama","Matt Damon, Adam Driver, Jodie Comer, Ben Affleck, Marton Csokas, Harriet Walter",Ridley Scott
28cdab13-2697-4d34-a77c-639925c8cb99,https://www.rottentomatoes.com/m/candyman_2021,2022-06-21 17:21:19.545690,84%,72%,1h 31m,R (Language|Bloody Horror Violence|Some Sexual References),Universal Pictures,"Aug 27, 2021 wide","Sep 16, 2021",Horror,"Yahya Abdul-Mateen II, Teyonah Parris, Nathan Stewart-Jarrett, Colman Domingo, Kyle Kaminsky, Vanessa Williams",Nia DaCosta
2556ef36-8fc0-4173-8ba1-bfde75892f45,https://www.rottentomatoes.com/m/trees_of_peace,2022-06-21 17:21:19.595526,,88%,1h 37m,,,,"Jun 10, 2022",Drama,"Eliane Umuhire, Charmaine Bingwa, Ella Cannon, Bola Koleosho, Tongai Arnold Chirisa, Alanna Brown",Alanna Brown
8dea8405-fc7c-49d4-ac67-55250d637814,https://www.rottentomatoes.com/m/pig_2021,2022-06-21 17:21:19.717160,96%,84%,1h 32m,R,Neon,"Jul 16, 2021 wide","Aug 3, 2021",Drama,"Nicolas Cage, Alex Wolff, Adam Arkin, Nina Belforte, Cassandra Violet, Julia Bray",Michael Sarnoski
24a0691e-0e03-46b9-8ba5-1fd3dedd9b14,https://www.rottentomatoes.com/m/the_sadness_2021,2022-06-21 17:21:19.814801,90%,66%,1h 39m,,,,"May 12, 2022",Horror,"Regina Lei, Tzu-Chiang Wang, Berant Zhu, Ying-Ru Chen, Wei-Hua Lan, Lue-Keng Huang",Rob Jabbaz
2e148145-9e08-4826-a2a6-dd8647e68d1d,https://www.rottentomatoes.com/m/the_requin,2022-06-21 17:21:19.855345,23%,7%,1h 29m,R (Language|Some Grisly Images),Saban Films,"Jan 28, 2022 limited","Jan 28, 2022",Adventure,"Alicia Silverstone, James Tupper, Deirdre O'Connell, Danny Chung, Jennifer Mudge, Kameron Hood",Le-Van Kiet
11b6b207-102e-4443-aed7-d4235dac45f7,https://www.rottentomatoes.com/m/hatching,2022-06-21 17:21:21.476878,92%,61%,1h 27m,,IFC Midnight,"Apr 29, 2022 limited","May 17, 2022",Horror,"Siiri Solalinna, Sophia Heikkilä, Jani Volanen, Oiva Ollila, Reino Nordin, Saija Lentonen",Hanna Bergholm
dc91840b-852d-46ae-b395-7c08377ef275,https://www.rottentomatoes.com/m/american_psycho,2022-06-21 17:21:21.501160,69%,85%,1h 43m,R (Language|Drug Use|Strong Violence),Lionsgate Films,"Apr 14, 2000 wide","Jun 21, 2005",Horror,"Christian Bale, Willem Dafoe, Jared Leto, Reese Witherspoon, Samantha Mathis, Chloë Sevigny",Mary Harron
e438d5e7-10fc-4c6d-87ca-0edfbab4dc3d,https://www.rottentomatoes.com/m/sonic_the_hedgehog_2020,2022-06-21 17:21:21.522252,63%,93%,1h 40m,PG (Brief Mild Language|Action|Rude Humor|Some Violence),Paramount Pictures,"Feb 14, 2020 wide","Mar 31, 2020","Comedy, Adventure, Fantasy","James Marsden, Jim Carrey, Ben Schwartz, Tika Sumpter, Natasha Rothwell, Adam Pally",Jeff Fowler
93475301-9b0b-480b-898a-c99ef195c5a7,https://www.rottentomatoes.com/m/the_night_house,2022-06-21 17:21:21.545464,87%,69%,1h 50m,R (Some Sexual References|Language|Some Violence/Disturbing Image),Searchlight Pictures,"Aug 20, 2021 wide","Oct 5, 2021",Horror,"Rebecca Hall, Sarah Goldberg, Vondie Curtis Hall, Evan Jonigkeit, Stacy Martin, David Abeles",David Bruckner
d0c33482-dd70-4a2f-840f-ecf7c79afac2,https://www.rottentomatoes.com/m/a_quiet_place_part_ii,2022-06-21 17:21:21.566493,91%,92%,1h 37m,PG-13 (Terror|Bloody/Disturbing Images|Violence),Paramount Pictures,"May 28, 2021 wide","Jul 13, 2021",Horror,"Emily Blunt, Cillian Murphy, Millicent Simmonds, Noah Jupe, Djimon Hounsou, John Krasinski",John Krasinski
872b7ae2-f7ff-44cb-8c58-374bb238ce2b,https://www.rottentomatoes.com/m/bohemian_rhapsody,2022-06-21 17:21:21.604899,60%,85%,2h 15m,PG-13 (Language|Drug Content|Suggestive Material|Thematic Elements),20th Century Fox,"Nov 2, 2018 wide","Jan 22, 2019","Biography, Music, Lgbtq+","Rami Malek, Lucy Boynton, Gwilym Lee, Ben Hardy, Joseph Mazzello, Aidan Gillen",Bryan Singer
bc971495-084e-437b-96d9-7d78e9384e53,https://www.rottentomatoes.com/m/the_harder_they_fall,2022-06-21 17:21:21.700032,88%,93%,2h 17m,R (Strong Violence and Language),Netflix,"Oct 22, 2021 limited","Nov 3, 2021","Western, Drama","Jonathan Majors, Zazie Beetz, Delroy Lindo, LaKeith Stanfield, Danielle Deadwyler, Edi Gathegi",Jeymes Samuel
5e4e8282-6eff-416a-9a09-3659282f610f,https://www.rottentomatoes.com/m/skin_a_history_of_nudity_in_the_movies,2022-06-21 17:21:21.832368,85%,71%,2h 10m,,,,"Aug 18, 2020",Documentary,"Amy Heckerling, Danny Wolf",Danny Wolf
f645cc41-a5ad-45c4-87b0-3279ffce6f0b,https://www.rottentomatoes.com/m/the_suicide_squad,2022-06-21 17:21:21.857904,90%,82%,2h 12m,R (Drug Use|Brief Graphic Nudity|Language Throughout|Some Sexual References|Strong Violence and Gore),Warner Bros. Pictures,"Aug 6, 2021 wide","Aug 6, 2021","Action, Adventure, Comedy","Margot Robbie, Idris Elba, John Cena, Viola Davis, Sylvester Stallone, Joel Kinnaman",James Gunn
82025d12-dff5-44f9-af05-d6fa4dc2ba05,https://www.rottentomatoes.com/m/the_kings_man,2022-06-21 17:21:21.879663,41%,80%,2h 11m,R (Some Sexual Material|Language|Strong/Bloody Violence),20th Century Studios,"Dec 22, 2021 wide","Feb 18, 2022","Action, Adventure","Ralph Fiennes, Harris Dickinson, Rhys Ifans, Djimon Hounsou, Gemma Arterton, Matthew Goode",Matthew Vaughn
98fc1f13-9648-4f24-b18c-cef74e87be58,https://www.rottentomatoes.com/m/knives_out,2022-06-21 17:21:21.921489,97%,92%,2h 10m,PG-13 (Drug Material|Brief Violence|Sexual References|Some Strong Language|Thematic Elements),Lionsgate Films,"Nov 27, 2019 wide","Jun 12, 2020","Crime, Comedy, Drama, Mystery & thriller","Daniel Craig, Chris Evans, Ana de Armas, Jamie Lee Curtis, Toni Collette, Don Johnson",Rian Johnson
33ed83ae-6577-452b-bc4a-a4593e8eebda,https://www.rottentomatoes.com/m/his_house,2022-06-21 17:21:21.944935,100%,74%,1h 33m,,,,"Oct 30, 2020",Horror,"Wunmi Mosaku, Sope Dirisu, Matt Smith, Cornell John, Emily Taaffe, Bradley Banton",Remi Weekes
ada1020d-5abd-44f7-990e-70402866b3ad,https://www.rottentomatoes.com/m/toy_story_2,2022-06-21 17:21:22.073860,100%,87%,1h 32m,G,Walt Disney Pictures,"Nov 24, 1999 wide","Mar 23, 2010","Comedy, Adventure, Fantasy","Tom Hanks, Tim Allen, Joan Cusack, Kelsey Grammer, Don Rickles, Jim Varney","Ash Brannon , John Lasseter , Lee Unkrich"
986e62b1-b230-4188-83b6-faab3f214c4f,https://www.rottentomatoes.com/m/star_wars_episode_i_the_phantom_menace,2022-06-21 17:21:22.107702,51%,59%,2h 13m,PG (Sci-Fi Violence|Sci-Fi Action),20th Century Fox,"May 19, 1999 wide","Mar 22, 2005","Adventure, Action, Fantasy","Liam Neeson, Ewan McGregor, Natalie Portman, Jake Lloyd, Pernilla August, Frank Oz",George Lucas
041b06be-2bd1-42a7-bb82-944f0b9d79ce,https://www.rottentomatoes.com/m/red_notice,2022-06-21 17:21:22.211616,36%,92%,1h 57m,PG-13 (Strong Language|Some Sexual References|Violence and Action),Netflix,"Nov 5, 2021 limited","Nov 12, 2021","Action, Comedy","Dwayne Johnson, Ryan Reynolds, Gal Gadot, Ritu Arya, Chris Diamantopoulos, Ivan Mbakop",Rawson Marshall Thurber
17142cae-5afb-4c42-88f6-031b6d6f8179,https://www.rottentomatoes.com/m/blade_runner_2049,2022-06-21 17:21:22.258060,88%,81%,2h 44m,R (Nudity|Language|Some Sexuality|Violence),Warner Bros. Pictures,"Oct 6, 2017 wide","Jan 16, 2018","Mystery & thriller, Sci-fi","Ryan Gosling, Harrison Ford, Ana de Armas, Sylvia Hoeks, Robin Wright, Jared Leto",Denis Villeneuve
981d8832-0ef8-45e6-9276-b64b95293f1f,https://www.rottentomatoes.com/m/toy_story_3,2022-06-21 17:21:22.288017,98%,90%,1h 42m,G,Walt Disney,"Jun 18, 2010 wide","Nov 2, 2010","Comedy, Adventure, Fantasy","Tom Hanks, Tim Allen, Joan Cusack, Ned Beatty, Don Rickles, Michael Keaton",Lee Unkrich
3d975145-1a65-4195-8eca-556a29789645,https://www.rottentomatoes.com/m/wrath_of_man,2022-06-21 17:21:22.310446,66%,90%,1h 59m,R,United Artists Releasing,"May 7, 2021 wide","Jun 29, 2021",Action,"Jason Statham, Holt McCallany, Jeffrey Donovan, Josh Hartnett, Laz Alonso, Raúl Castillo",Guy Ritchie
8e899eca-f31f-4ab4-8773-f7ffa0fa99a9,https://www.rottentomatoes.com/m/first_kill_2017,2022-06-21 17:21:22.351399,15%,26%,1h 37m,R (Violence and Language),Lionsgate Premiere,"Jul 21, 2017 limited","Sep 5, 2017",Action,"Hayden Christensen, Bruce Willis, Gethin Anthony, Megan Leonard, Tyler Jon Olson, Shea Buckner",Steven C. Miller
d405368e-876e-458a-8a93-311ab7c028ba,https://www.rottentomatoes.com/m/coda_2021,2022-06-21 17:21:22.443146,94%,90%,1h 51m,PG-13 (Strong Sexual Content|Language|Drug Use),Apple TV+,"Aug 13, 2021 limited","Aug 13, 2021",Drama,"Emilia Jones, Troy Kotsur, Marlee Matlin, Eugenio Derbez, Daniel Durant, Ferdia Walsh-Peelo",Sian Heder
536b3c44-5f35-4097-abc9-205ba7f59f24,https://www.rottentomatoes.com/m/whiplash_2014,2022-06-21 17:21:22.488346,94%,94%,1h 46m,R (Strong Language|Some Sexual References),Sony Pictures Classics,"Oct 10, 2014 limited","Dec 2, 2014","Drama, Music","Miles Teller, J.K. Simmons, Melissa Benoist, Paul Reiser, Austin Stowell, Nate Lang",Damien Chazelle
3b1b4407-69dc-4f7a-b4f7-10cfe6492ebb,https://www.rottentomatoes.com/m/365_days_2020,2022-06-21 17:21:22.570590,0%,28%,1h 56m,,,,"Jun 11, 2020","Drama, Romance","Michele Morrone, Bronisław Wrocławski, Otar Saralidze, Magdalena Lamparska, Natasza Urbanska, Grazyna Szapolowska",Barbara Białowąs
3a2b0ec1-0d45-4626-8972-e1fd9003fe53,https://www.rottentomatoes.com/m/star_wars_episode_vii_the_force_awakens,2022-06-21 17:21:22.586967,93%,85%,2h 16m,PG-13 (Sci-Fi Action Violence),Walt Disney,"Dec 18, 2015 wide","Apr 5, 2016","Adventure, Action, Fantasy","Harrison Ford, Mark Hamill, Carrie Fisher, Adam Driver, Daisy Ridley, John Boyega",J.J. Abrams
d2cfc51f-d59c-4742-b3b9-2a9c88251d7b,https://www.rottentomatoes.com/m/stillwater_2020,2022-06-21 17:21:22.614945,74%,72%,2h 20m,R (Language),Focus Features,"Jul 30, 2021 wide","Aug 19, 2021",Drama,"Matt Damon, Camille Cottin, Abigail Breslin, Lilou Siauvaud, Deanna Dunagan, Idir Azougli",Tom McCarthy
9a45c078-f182-485a-b3a3-8136c2fab4a3,https://www.rottentomatoes.com/m/nightmare_alley_2021,2022-06-21 17:21:22.635450,80%,68%,2h 30m,R (Nudity|Language|Some Sexual Content|Strong/Bloody Violence),Searchlight Pictures,"Dec 17, 2021 wide","Mar 8, 2022","Drama, Crime, Mystery & thriller","Bradley Cooper, Rooney Mara, Cate Blanchett, Ron Perlman, Toni Collette, Mary Steenburgen",Guillermo del Toro
b06c4b3d-fc73-4bd7-975c-2373ff05b8ca,https://www.rottentomatoes.com/m/intersections,2022-06-21 17:21:22.657585,,26%,1h 41m,R (Violence|Language|Brief Sexuality),,,"Jan 28, 2014",Mystery & thriller,"Frank Grillo, Jaimie Alexander, Roschdy Zem, Marie-Josée Croze, Moussa Maaskri, Charlie Bewley",David Marconi
637d16de-9bee-4166-9410-6434a526a661,https://www.rottentomatoes.com/m/ricky_gervais_supernature,2022-06-21 17:21:23.140628,29%,91%,1h 4m,,,,"May 24, 2022","Comedy, Stand-up","Ricky Gervais, Ricky Gervais",
5e698578-2298-49c4-b3bf-79ade4c1a488,https://www.rottentomatoes.com/m/mission_impossible_fallout,2022-06-21 17:21:23.159732,97%,88%,2h 27m,PG-13 (Intense Sequences of Action|Brief Strong Language|Violence),Paramount Pictures,"Jul 27, 2018 wide","Oct 23, 2018","Action, Adventure","Tom Cruise, Henry Cavill, Ving Rhames, Simon Pegg, Rebecca Ferguson, Sean Harris",Christopher McQuarrie
b4d3b867-45ad-4441-9237-d096e2f21066,https://www.rottentomatoes.com/m/you_are_not_my_mother,2022-06-21 17:21:23.178262,89%,47%,1h 33m,,Magnet Releasing,"Mar 25, 2022 limited","Mar 25, 2022","Horror, Drama","Jade Jordan, Carolyn Bracken, Hazel Doupe, Paul Reid, Jordanne Jones, Ingrid Craigie",Kate Dolan
